variable,count,mean,std,min,25%,50%,75%,max,original
dummy1,1000.0,-0.00012086339704812369,0.009589032440054008,-0.0293144328704855,-0.006790497402848275,-0.00019275610293285,0.0062720670939615,0.0305607861967516,0.0071100148407268
dummy2,1000.0,0.0004340662528729457,0.010600587906283918,-0.0360237031367134,-0.006609019538346075,0.0004035577022172,0.008314245391683975,0.0304400307334375,-0.0006272474780288
x1,1000.0,0.21898610177675046,3.0579145855407885,-8.342343878928432,-1.911307830777684,0.33045288607382206,2.2547248932445614,28.203982738763106,28.203982738763106
x2,1000.0,-0.2144121232066543,8.34640405980145,-24.918686730041276,-5.8150136053322115,-0.14938939713913774,5.191968633882038,75.05070128719956,75.05070128719956
x3,1000.0,0.05960141494804409,1.908686004884804,-5.916785384685227,-1.159188975263715,0.0405029909021159,1.275762954893871,17.754512571815134,17.754512571815134
